patente,pais,nombre
DK4889,Portugal,Bristol
QI7769,Japon,Albanaise
RJ2733,Estados Unidos,Almirante Devries
NN8091,Jamaica,Broaderschap
PV7666,Austria,Boulogne
NT2280,Colombia,Premio Dreadnought
UH1378,Sudafrica,Albian
UJ2611,Islas Malvinas,Bouclier
XG7925,Filipinas,Albemarle
FM3163,Finlandia,Albany
AI9121,Jamaica,Bowen
TG8958,España,Bergantin
ZP4420,Chile,magnolia
OI4579,Egipto,Gulnare
NX3376,Egipto,Albatros
GS9404,Filipinas,Bramham
IX1197,Italia,Boxer
GS9663,Polonia,broadwater
KM2551,Republica Dominicana,Adepto
SV9482,Panama,Bleasdale
RO9221,Cuba,Descarado
RP8314,Ecuador,brantford
HI3831,Belgica,Brevdrageren
MY3367,Portugal,Zarza
WW2485,Portugal,Acanto
XP9141,Jamaica,Adan y Eva
VT2032,Austria,Asesor
QJ1463,Tailandia,dubbo
OF5460,Chile,Boscawen
OT5458,Mexico,Aconito
UZ5981,Cuba,Brissenden
PJ3020,Japon,bowmanville
KC2936,Noruega,Agua Negra
RK2324,Republica Dominicana,Africa
XK7318,Argentina,Acacia
MU6547,Sudafrica,Eneas
RA3983,Finlandia,Bonito
NN2774,Tailandia,Drochterland
HB4367,Egipto,Breda
YC1851,Austria,Bonne Ciudadana
TJ7818,Portugal,Blankney
CI3218,Siria,Agamenon
QL4591,Siria,albacora
FS3778,Indonesia,Acteon
LI5894,Singapur,Driada
DG5218,Filipinas,Drury
VW7522,Australia,acteon
AM9504,Paraguay,Chaqueta de sport
PZ1913,Nueva Zelanda,Conductor
UL8619,India,blencathra
VH2584,Ecuador,Boreas
TQ5114,Finlandia,Gurkha
AU5998,Irlanda,Abigail
PJ8392,Republica Dominicana,Buenaventura
QJ6353,Peru,Alamein
DT6703,Finlandia,Britania
II3534,Noruega,bodenham
GC3280,Islas Malvinas,Acorazado
DQ3759,India,Branlebas
FO3430,India,brearley
HE7029,India,Adonis
HE2921,Dinamarca,Brigadier
GT9752,España,Albrighton
MO4968,España,Adversario
MW6341,Tailandia,Albert
TR8211,Australia,Brema
ON7101,Argentina,Abundante
DV6261,Belgica,Bridgewater
PZ3477,Nicaragua,Afridi
DA9671,Suiza,Botha
KQ3854,Nicaragua,Bravucon
PJ5481,Argentina,Abelia
RV9799,Dinamarca,Blanche
OM4230,Paraguay,Blyth
XL6992,Costa Rica,Bootle
HK6767,Sudafrica,Bridport
XB6912,Argentina,Dovey
EE2109,Nueva Zelanda,Premio dragon
LW4637,Brasil,Alarico
SM2508,Colombia,Castillo bramber
VP2429,Australia,Premio aventura
FE1567,Panama,drummondville
OH1392,Jamaica,Broadway
LX6914,Qatar,Abercrombie
FU8868,Panama,Alberta
DY6365,Irlanda,Dubford
RW4421,Suiza,Downley
ID7819,Panama,As
VG7905,Tailandia,Brakel
AL8743,Filipinas,Adelaide
SL2391,Sudafrica,Alarma
BY5212,Colombia,aboukir
CG7403,Japon,Castillo bodiam
ED5736,Chile,guysborough
BB5259,Brasil,Flor
OC4762,Finlandia,Actividad
ZV9679,Australia,Blean
HV2199,Mexico,acasta
ZV8179,Indonesia,brockville
NL7862,Nueva Zelanda,Bottisham
OB9598,Vietnam,Albuera
RH8308,Dinamarca,Agrega un
EI5834,Polonia,Bourdelais
PR9667,Noruega,Bendicion
YN4644,Islas Malvinas,Bellota
YP3858,Nicaragua,Sumador
KY2131,Paraguay,alberni
PA1651,Islas Malvinas,Bumerang
FI2331,Austria,Bolton Castle
EI5702,Italia,Admirable
GF5994,España,Alcantara
BZ3311,Noruega,Floracion
HF4402,Austria,Brillante
OA5815,Islas Malvinas,Brinton
WF7217,Islas Malvinas,achates
TS8958,Indonesia,Castillo bridgnorth
EH9187,Qatar,Aberdeen
XH5466,Australia,Frontera
VR7517,Islas Malvinas,albury
VI4743,Canada,Calypso
EV7485,Qatar,Bravo
LV7419,Qatar,Bronington
OJ8771,España,Activo
LA5643,Siria,abergavenny
HW2014,Colombia,Sabueso
CE1914,Corea,downham
LD3618,Republica Dominicana,Braak
HF1544,Jamaica,Alcaston
HH5472,Republica Dominicana,Boulston
MN1612,Italia,Madera negra
ZC6249,Brasil,Pato
LR2069,Panama,Brecon
IF9396,Portugal,Braave
VX5561,Estados Unidos,Abundancia
UE6214,Ecuador,Bonavoila
GS7205,España,Aventuras
UO8744,Paraguay,Brezo
OF5956,Egipto,Adur
YB3879,Austria,Bolton
UW2735,Austria,Achille
HH5023,Republica Dominicana,Bolebroke
PV6712,Paraguay,Brocklesby
WK4832,Brasil,Brixham
AU6167,Argentina,Affleck
CC4639,Polonia,Energico
HB3228,Singapur,Habil
BF7024,Finlandia,Alban
IT1233,Filipinas,Premio brillante
PM8536,Canada,Abdiel
FA3127,Chile,Brandon
DS0478,Chile,Penelope
KH8053,Belgica,Premio Dover
WX5990,Argentina,Bogam
GJ5946,Noruega,Breconshire
EB3227,Peru,Bossington
YG2900,Sudafrica,Almirante Farragut
PU5101,Peru,aventura Galera
WF3051,Singapur,Brereton
MZ2239,Egipto,Blickling
LS5992,Costa Rica,Abelardo
YB1434,Belgica,Boyne
BN3951,Italia,brigandine
OE1789,Argentina,BLAIRMORE
WI9449,Suiza,Bligh
OO2266,Qatar,druida
YT2845,Mexico,gitano
EY2745,Japon,Aberfoyle
IJ4552,Mexico,Bonetta
RK9162,Argentina,Brigham
MN4984,Japon,Bombay
VC7492,Singapur,Abeille
NQ5495,Panama,Brighton
RY9242,Canada,pechiazul
QC1164,España,Generosidad
LW6201,Japon,Braithwaite
WC2925,Costa Rica,briseis
YW8268,Cuba,britanico
BI5654,Peru,Consejo
IV2746,Argentina,Blandford
BN4195,Costa Rica,acheron
JR2308,Tailandia,britomart
RQ2918,Dinamarca,Libelula
VY5330,Australia,brenchley
IH6707,Nicaragua,Boston
GE9618,Colombia,Dromedario
MO4425,Filipinas,abondance
IG9597,Indonesia,Aetna
RC8468,Estados Unidos,Borraja
MZ9845,Italia,Blakeney
UY2987,Islas Malvinas,Continuar
HP3120,Panama,gympie
OF1501,Noruega,Blaxton
WD8846,Noruega,Blake
ST8633,Mexico,Aberford
YE6286,Argentina,Castillo de Bowes
OY7209,Reino Unido,Bombardear
EF7582,Belgica,Aquiles
HE8199,Jamaica,Brampton
SG9128,Japon,Avanzar
UH6836,Portugal,Aladdin
TO8113,Austria,Almirantazgo
AY3986,Islas Malvinas,Bradfield
NP8695,Filipinas,Brock
VI7863,Chile,Esclava
OR9516,Singapur,Espada
FN4513,Qatar,Brinkley
ZX2922,India,Abbotsham
LF8633,Suiza,Blenheim
EG8528,Brasil,Abrahan
BY4314,Suiza,Resplandor
LN8777,Tailandia,Bridlington
GM1638,Islas Malvinas,Afrikander
QA2495,Nueva Zelanda,Acertif
YX2002,Islas Malvinas,Valiente
PK9613,Paraguay,Dromio
AV9914,Costa Rica,Broadley
EX4705,Japon,Firme
VI9753,Nicaragua,drumheller
XG4556,Nicaragua,Rubia
NK1201,Ecuador,Castillo de Bombay
AI2283,Reino Unido,blackwall
SQ8557,Vietnam,Terrible
PB7290,Reino Unido,Drogheda
GO7311,Australia,Ventaja
WC8293,Australia,Campanilla
HE5247,Polonia,Negrita
MJ4934,Ecuador,Brantingham
IW2489,Australia,Eolo
SU8617,Belgica,Trenza
XN4914,Peru,Agudo
YB8271,Siria,Premio consejos
QD4440,Estados Unidos,Abrams Oferta
CV4539,Islas Malvinas,Boreham
VT6220,Mexico,Abisinia
HI7513,Suiza,Brayford
PP3724,Portugal,Alaunia II
DC7834,Qatar,Sable
LN6036,Republica Dominicana,Africaine
JD8184,Mexico,Refriega
AL1557,Dinamarca,Boadicea
